{
  "$schema": "http://json-schema.org/draft-07/schema#",
  "title": "PostgreSQL Restore (pg_restore)",
  "type": "object",
  "required": ["db_url", "in"],
  "properties": {
    "db_url":    { "type": "string", "minLength": 8, "pattern": "^postgres(ql)?://.*$" },
    "in":        { "type": "string", "minLength": 1 },
    "clean_opt": { "type": "string", "default": "" },
    "ifexists_opt": { "type": "string", "default": "" },
    "jobs_opt":  { "type": "string", "default": "" },
    "extra_opt": { "type": "string", "default": "" }
  },
  "additionalProperties": false
}