{
  "bomFormat": "CycloneDX",
  "specVersion": "1.5",
  "serialNumber": "urn:uuid:1b3f1d1d-ff00-4f77-8d91-85ef36c65678",
  "version": 1,
  "metadata": {
    "timestamp": "2025-09-03T00:00:00Z",
    "tools": [
      {"vendor": "IMU", "name": "imu-sbomgen", "version": "1.0.0"}
    ],
    "component": {
      "type": "application",
      "name": "unity-web-demo",
      "version": "0.1.0"
    }
  },
  "components": [
    {"type":"library","name":"nginx","version":"1.27.0","purl":"pkg:docker/nginx@1.27.0","licenses":[{"license":{"id":"BSD-2-Clause"}}]},
    {"type":"library","name":"alpine","version":"3.20","purl":"pkg:alpine/alpine-base@3.20","licenses":[{"license":{"name":"MIT"}}]}
  ],
  "dependencies": [
    {"ref":"pkg:docker/nginx@1.27.0","dependsOn": ["pkg:alpine/alpine-base@3.20"]}
  ]
}